id,first_name,last_name,email,gender,ip_address
1,Nevile,Povlsen,npovlsen0@gizmodo.com,Bigender,77.60.164.235
2,Martica,Enser,menser1@edublogs.org,Genderfluid,141.179.230.94
3,Ives,Corselles,icorselles2@tamu.edu,Agender,87.226.77.19
4,Paulie,Dominguez,pdominguez3@comsenz.com,Polygender,239.73.118.216
5,Leland,Hobbema,lhobbema4@dell.com,Agender,137.52.135.79
6,Erena,Thake,ethake5@themeforest.net,Male,143.188.15.112
7,Banky,Galgey,bgalgey6@alibaba.com,Agender,240.50.162.114
8,Hillyer,Bedinham,hbedinham7@jimdo.com,Female,34.99.161.9
9,Aguste,Dell'Abbate,adellabbate8@digg.com,Non-binary,154.176.64.94
10,Matty,Pedler,mpedler9@unblog.fr,Polygender,84.204.27.235
11,Carly,O'Ruane,coruanea@sina.com.cn,Female,174.7.175.70
12,Elora,Cosgrave,ecosgraveb@flickr.com,Agender,187.193.75.110
13,Milt,Rycraft,mrycraftc@issuu.com,Non-binary,183.98.10.244
14,Hortense,Grizard,hgrizardd@businesswire.com,Female,57.143.36.43
15,Ambrosius,Sanbroke,asanbrokee@zimbio.com,Agender,40.5.126.65
16,Delcina,Tamblyn,dtamblynf@bbb.org,Female,63.14.76.165
17,Nicolais,Fyers,nfyersg@dailymail.co.uk,Non-binary,117.246.24.152
18,Reginald,Blueman,rbluemanh@mlb.com,Non-binary,196.71.31.227
19,Shea,Riepel,sriepeli@acquirethisname.com,Non-binary,176.242.161.98
20,Emmaline,Reinard,ereinardj@google.it,Genderfluid,169.70.41.43
21,Daisi,Mugridge,dmugridgek@privacy.gov.au,Male,238.183.229.67
22,Wilton,Dudek,wdudekl@blogtalkradio.com,Genderqueer,21.9.179.150
23,Caril,Blaszkiewicz,cblaszkiewiczm@themeforest.net,Male,153.205.27.244
24,Olivier,Doret,odoretn@ning.com,Polygender,254.222.2.202
25,Trev,Hatchett,thatchetto@paypal.com,Non-binary,220.67.106.125
26,Bobbette,Gallehock,bgallehockp@dedecms.com,Bigender,34.219.180.92
27,Porter,Onslow,ponslowq@examiner.com,Agender,47.231.109.113
28,Pauly,Yellowlea,pyellowlear@foxnews.com,Genderfluid,145.136.36.32
29,Elmira,Hartigan,ehartigans@ucla.edu,Female,143.26.211.85
30,Davidson,Cornwell,dcornwellt@skyrock.com,Genderqueer,52.235.21.134
31,Cloris,Gislebert,cgislebertu@so-net.ne.jp,Male,103.173.207.20
32,Krishna,Cubin,kcubinv@blinklist.com,Agender,17.113.233.190
33,Heidie,Greated,hgreatedw@over-blog.com,Female,122.214.219.43
34,Veronika,Pender,vpenderx@house.gov,Male,241.148.70.171
35,Jorie,Lazenby,jlazenbyy@example.com,Female,228.222.14.55
36,Meris,Pettigree,mpettigreez@reference.com,Genderqueer,54.38.230.13
37,Damaris,Bendon,dbendon10@prlog.org,Male,204.178.21.181
38,Shanta,Haglington,shaglington11@yahoo.co.jp,Female,158.11.206.252
39,Guenna,Cappell,gcappell12@cargocollective.com,Agender,38.66.86.61
40,Tedi,MacCafferky,tmaccafferky13@skype.com,Male,140.69.44.246
41,Bern,Sighard,bsighard14@about.me,Male,149.109.198.3
42,Joshuah,Selvester,jselvester15@newyorker.com,Polygender,88.103.121.105
43,Derk,Giraux,dgiraux16@nasa.gov,Genderfluid,238.171.2.163
44,Linc,Matkovic,lmatkovic17@scribd.com,Non-binary,23.68.28.68
45,Danit,Wincom,dwincom18@uiuc.edu,Polygender,127.213.251.251
46,Alida,Andryushin,aandryushin19@sphinn.com,Genderfluid,135.0.179.42
47,Cathie,Freer,cfreer1a@salon.com,Female,135.139.213.188
48,Darryl,Summergill,dsummergill1b@cyberchimps.com,Agender,215.191.103.165
49,Adolf,Gilbody,agilbody1c@imdb.com,Agender,88.149.215.128
50,Evyn,McLucky,emclucky1d@blog.com,Polygender,250.93.196.4
51,Minnie,Dagg,mdagg1e@bluehost.com,Agender,153.143.176.61
52,Stevena,Castlake,scastlake1f@upenn.edu,Male,132.25.91.170
53,Sam,Littefair,slittefair1g@elegantthemes.com,Polygender,208.147.235.253
54,Madonna,Northcote,mnorthcote1h@ameblo.jp,Polygender,128.96.228.170
55,Emili,Presslee,epresslee1i@mysql.com,Genderqueer,66.193.70.200
56,Marvin,Eilles,meilles1j@nytimes.com,Polygender,22.21.130.14
57,Joy,Ribbens,jribbens1k@tripadvisor.com,Non-binary,98.118.67.119
58,Waldon,Sprowell,wsprowell1l@phoca.cz,Genderqueer,34.155.251.64
59,Byram,MacDermot,bmacdermot1m@bloglines.com,Polygender,183.114.15.224
60,Seana,Gierke,sgierke1n@google.de,Genderqueer,37.171.159.90
61,Jard,Lanbertoni,jlanbertoni1o@earthlink.net,Agender,69.162.118.232
62,Curry,Rohloff,crohloff1p@examiner.com,Female,162.212.92.169
63,Ellissa,Abisetti,eabisetti1q@arstechnica.com,Non-binary,104.106.104.120
64,Randi,Barukh,rbarukh1r@nature.com,Male,201.194.220.151
65,Audry,Stout,astout1s@yandex.ru,Genderqueer,71.159.63.32
66,Eleni,Yakebovich,eyakebovich1t@youtube.com,Polygender,143.159.155.5
67,Eunice,Collis,ecollis1u@intel.com,Non-binary,27.204.57.184
68,Harwilll,Wurst,hwurst1v@wsj.com,Bigender,252.57.42.191
69,Prudence,Tessington,ptessington1w@sun.com,Male,7.237.116.156
70,Constantin,Glyde,cglyde1x@abc.net.au,Genderqueer,100.185.25.83
71,Gustave,Pincott,gpincott1y@themeforest.net,Male,92.149.1.33
72,Kele,Izen,kizen1z@xing.com,Genderqueer,235.109.230.209
73,Vonni,McFie,vmcfie20@gov.uk,Polygender,28.141.78.249
74,Bentlee,Beckley,bbeckley21@ucoz.ru,Genderqueer,202.4.16.25
75,Rickey,Stooders,rstooders22@mtv.com,Genderqueer,233.55.88.127
76,Torin,Antognazzi,tantognazzi23@360.cn,Bigender,76.82.22.130
77,Hamil,Laurentin,hlaurentin24@ask.com,Genderfluid,93.136.234.82
78,Lauren,Maytum,lmaytum25@senate.gov,Genderqueer,228.154.73.247
79,Jeralee,Atty,jatty26@biblegateway.com,Genderfluid,13.17.2.170
80,Hilarius,Sheaber,hsheaber27@ebay.co.uk,Genderqueer,245.11.70.133
81,Kittie,Grime,kgrime28@goo.ne.jp,Female,198.8.226.88
82,Josi,Kytter,jkytter29@ftc.gov,Genderfluid,176.191.93.119
83,Nap,Tamburi,ntamburi2a@quantcast.com,Bigender,74.119.159.170
84,Marrilee,Loisi,mloisi2b@artisteer.com,Genderqueer,12.51.62.237
85,Rosa,Tooting,rtooting2c@scientificamerican.com,Genderfluid,50.113.23.72
86,Vallie,Anelay,vanelay2d@wunderground.com,Genderqueer,20.63.42.143
87,Grady,Sollam,gsollam2e@oakley.com,Male,41.90.87.75
88,Leslie,Logg,llogg2f@dot.gov,Agender,5.202.185.51
89,Corny,Clowton,cclowton2g@oakley.com,Female,59.165.168.95
90,Jennilee,Shynn,jshynn2h@icio.us,Genderqueer,245.231.111.241
91,Joni,Cestard,jcestard2i@homestead.com,Female,195.60.62.208
92,Harp,Cullinan,hcullinan2j@soundcloud.com,Male,180.114.11.8
93,Starr,Jeanin,sjeanin2k@slate.com,Non-binary,246.153.84.147
94,Lenore,Varran,lvarran2l@google.ru,Polygender,202.8.120.172
95,Jeralee,Nerne,jnerne2m@dmoz.org,Agender,89.206.203.216
96,Anallese,O'Crotty,aocrotty2n@deviantart.com,Genderqueer,217.251.75.233
97,Arley,Sinisbury,asinisbury2o@photobucket.com,Agender,196.229.254.77
98,Richardo,Semour,rsemour2p@businesswire.com,Polygender,114.76.183.37
99,Arch,Maunsell,amaunsell2q@google.com.hk,Female,174.104.127.50
100,Dougie,Iddens,diddens2r@addthis.com,Non-binary,170.219.143.56
101,Stavros,Head,shead2s@adobe.com,Genderqueer,6.179.150.50
102,Zachary,Brose,zbrose2t@wordpress.com,Agender,84.41.83.9
103,Rickey,Webermann,rwebermann2u@noaa.gov,Polygender,112.7.91.190
104,Betteann,Jessope,bjessope2v@abc.net.au,Bigender,27.171.213.24
105,Odella,Gouldbourn,ogouldbourn2w@clickbank.net,Bigender,70.114.128.127
106,Peadar,Jackett,pjackett2x@tamu.edu,Male,1.75.196.156
107,Stavros,Prattin,sprattin2y@google.fr,Bigender,68.78.247.219
108,Karlyn,Borman,kborman2z@diigo.com,Bigender,15.211.253.80
109,Cassondra,Woolliams,cwoolliams30@last.fm,Bigender,120.222.178.147
110,Adam,Maletratt,amaletratt31@webeden.co.uk,Bigender,224.254.202.2
111,Bud,Scad,bscad32@businesswire.com,Genderfluid,206.44.234.224
112,Emilia,Baptiste,ebaptiste33@surveymonkey.com,Bigender,172.14.146.62
113,Bridgette,Boscott,bboscott34@sourceforge.net,Male,129.121.212.49
114,Aidan,Lazare,alazare35@hhs.gov,Polygender,61.17.211.24
115,Burg,Skaif,bskaif36@bloglovin.com,Genderqueer,173.184.140.51
116,Callie,Francesc,cfrancesc37@cbc.ca,Non-binary,121.73.180.25
117,Marleah,Ditts,mditts38@state.gov,Female,25.229.104.206
118,Kasey,Letixier,kletixier39@bluehost.com,Female,29.92.42.102
119,Derrick,Ormond,dormond3a@examiner.com,Agender,161.139.67.254
120,Bess,Kernoghan,bkernoghan3b@bloglines.com,Non-binary,208.225.48.195
121,Christiano,Eglise,ceglise3c@go.com,Male,100.55.250.204
122,Tobiah,Beane,tbeane3d@ovh.net,Male,246.122.84.16
123,Chalmers,Olifard,colifard3e@flavors.me,Non-binary,7.61.84.239
124,Craggie,Selwin,cselwin3f@cyberchimps.com,Polygender,5.38.96.219
125,Hollis,Vasilechko,hvasilechko3g@thetimes.co.uk,Polygender,82.190.20.207
126,Arron,Whitwell,awhitwell3h@amazonaws.com,Agender,196.196.213.134
127,Arda,Warbrick,awarbrick3i@google.fr,Bigender,60.96.149.233
128,Carlina,Peirazzi,cpeirazzi3j@cafepress.com,Agender,107.59.115.36
129,Mariellen,Elia,melia3k@adobe.com,Genderfluid,86.115.17.21
130,Conny,Sharkey,csharkey3l@nsw.gov.au,Genderqueer,33.8.200.162
131,Roseann,Davidovitz,rdavidovitz3m@yahoo.co.jp,Polygender,184.59.73.85
132,Meyer,Maxfield,mmaxfield3n@mac.com,Polygender,239.12.73.31
133,Lea,Stepto,lstepto3o@intel.com,Polygender,210.54.50.232
134,Benedicta,Sudworth,bsudworth3p@edublogs.org,Genderfluid,87.95.54.98
135,Joby,De Rye Barrett,jderyebarrett3q@sohu.com,Polygender,252.58.31.188
136,Meir,Tomashov,mtomashov3r@examiner.com,Agender,137.209.153.85
137,Reba,Billows,rbillows3s@devhub.com,Female,128.252.76.111
138,Valina,Lilburn,vlilburn3t@guardian.co.uk,Non-binary,17.133.153.228
139,Phylys,Laughnan,plaughnan3u@arizona.edu,Genderfluid,233.125.32.220
140,Jennica,Yurshev,jyurshev3v@usda.gov,Polygender,26.51.170.103
141,Sandye,Skirlin,sskirlin3w@purevolume.com,Genderqueer,96.129.54.60
142,Robin,Lukasik,rlukasik3x@mediafire.com,Genderqueer,152.119.111.125
143,Lynette,Nussii,lnussii3y@yolasite.com,Genderfluid,205.218.32.48
144,Erskine,Crolly,ecrolly3z@hexun.com,Agender,74.196.30.121
145,Archy,Trevaskiss,atrevaskiss40@miibeian.gov.cn,Non-binary,74.241.40.176
146,Brooke,Apedaile,bapedaile41@cbsnews.com,Bigender,141.42.161.134
147,Herb,Draper,hdraper42@pbs.org,Male,233.43.224.118
148,Clea,Crasswell,ccrasswell43@vistaprint.com,Male,166.180.64.151
149,Ara,O'Scollain,aoscollain44@ibm.com,Female,152.121.88.150
150,Tana,Twinborne,ttwinborne45@gizmodo.com,Genderqueer,24.141.255.110
151,Zita,Moodie,zmoodie46@dyndns.org,Genderqueer,101.213.180.149
152,Neddie,Creddon,ncreddon47@phpbb.com,Agender,143.215.129.1
153,Elisa,Akker,eakker48@imgur.com,Polygender,202.59.2.88
154,Pierre,Hefferon,phefferon49@goo.gl,Non-binary,28.188.243.216
155,Chloris,Woollends,cwoollends4a@weebly.com,Agender,40.196.203.211
156,Theodora,Mordey,tmordey4b@clickbank.net,Polygender,5.23.216.24
157,Gerty,Tredwell,gtredwell4c@dropbox.com,Male,174.79.147.110
158,Cymbre,Sibthorp,csibthorp4d@skype.com,Non-binary,72.6.189.253
159,Joyce,Cubbino,jcubbino4e@imdb.com,Polygender,133.106.35.246
160,Gunilla,Meys,gmeys4f@prlog.org,Polygender,231.220.134.8
161,Leighton,Milnes,lmilnes4g@wunderground.com,Polygender,242.205.118.79
162,Wilburt,Buddington,wbuddington4h@yandex.ru,Male,187.108.12.62
163,Leanora,Nan Carrow,lnancarrow4i@unicef.org,Polygender,172.110.27.130
164,Charleen,Barkess,cbarkess4j@google.fr,Male,243.3.98.3
165,Melany,Bullus,mbullus4k@dmoz.org,Genderfluid,31.136.30.23
166,Carlyn,MacCaughan,cmaccaughan4l@umich.edu,Non-binary,86.251.125.163
167,Madeline,Flavelle,mflavelle4m@microsoft.com,Agender,69.160.189.131
168,Marylynne,Finkle,mfinkle4n@free.fr,Male,82.207.200.107
169,Cleo,Outerbridge,couterbridge4o@jugem.jp,Bigender,229.54.222.66
170,Chaddie,Lincke,clincke4p@csmonitor.com,Polygender,111.7.55.98
171,Olenka,Bleeze,obleeze4q@ezinearticles.com,Genderfluid,124.172.16.179
172,Kerianne,Kernocke,kkernocke4r@fema.gov,Genderqueer,76.46.124.181
173,Jennie,Brando,jbrando4s@macromedia.com,Agender,208.1.37.137
174,Chen,Beecraft,cbeecraft4t@cloudflare.com,Non-binary,3.162.227.70
175,Thia,Blick,tblick4u@dedecms.com,Polygender,253.197.54.149
176,Eugen,Mosson,emosson4v@parallels.com,Genderqueer,227.38.189.148
177,Rosetta,Velareal,rvelareal4w@indiegogo.com,Genderfluid,99.127.68.92
178,Fairlie,Blakes,fblakes4x@smugmug.com,Polygender,13.59.123.110
179,Donny,McRoberts,dmcroberts4y@google.fr,Bigender,184.64.47.114
180,Bevon,Poller,bpoller4z@hostgator.com,Genderfluid,194.160.100.29
181,Jerald,Cornner,jcornner50@toplist.cz,Polygender,179.152.170.16
182,Kally,Lavis,klavis51@free.fr,Genderfluid,183.209.171.222
183,Barn,Sive,bsive52@ovh.net,Non-binary,5.244.136.184
184,Jareb,Thies,jthies53@yandex.ru,Genderqueer,207.190.118.88
185,Jasmin,Dmych,jdmych54@economist.com,Bigender,142.191.181.136
186,Corella,Stuer,cstuer55@artisteer.com,Male,6.48.173.125
187,Norri,Branwhite,nbranwhite56@npr.org,Non-binary,28.59.85.23
188,Catina,Markussen,cmarkussen57@tripod.com,Genderfluid,207.104.97.229
189,Leroi,Duiguid,lduiguid58@mayoclinic.com,Genderfluid,82.207.197.88
190,Aguste,Siebert,asiebert59@alibaba.com,Female,175.101.159.53
191,Melisent,Apedaile,mapedaile5a@ftc.gov,Polygender,216.170.126.215
192,Minne,Costain,mcostain5b@cnbc.com,Agender,237.105.94.239
193,Lura,Clementel,lclementel5c@sina.com.cn,Genderfluid,247.66.232.120
194,Robinet,Gerauld,rgerauld5d@amazon.com,Agender,243.29.23.124
195,Merrie,Shugg,mshugg5e@wikipedia.org,Agender,172.36.232.8
196,Deeyn,Forgan,dforgan5f@fema.gov,Non-binary,19.77.187.235
197,Gustave,Rosel,grosel5g@jalbum.net,Non-binary,58.60.48.230
198,Frants,Labuschagne,flabuschagne5h@pagesperso-orange.fr,Female,92.184.112.64
199,Angelia,Etty,aetty5i@ovh.net,Polygender,69.113.131.74
200,Joli,Harbar,jharbar5j@sbwire.com,Male,56.208.179.245
201,Adolphe,Cicero,acicero5k@loc.gov,Polygender,243.96.254.184
202,Riley,Kunert,rkunert5l@netvibes.com,Agender,49.159.168.174
203,Eadmund,McGloughlin,emcgloughlin5m@free.fr,Genderfluid,74.94.47.156
204,Harold,Trew,htrew5n@about.com,Bigender,26.43.230.144
205,Kit,Edmonstone,kedmonstone5o@yale.edu,Polygender,148.90.84.42
206,Hephzibah,McKyrrelly,hmckyrrelly5p@nytimes.com,Polygender,152.165.167.102
207,Ernest,Sarrell,esarrell5q@de.vu,Non-binary,24.33.151.172
208,Marshall,Goodread,mgoodread5r@discuz.net,Polygender,33.98.42.204
209,Dreddy,Pickering,dpickering5s@va.gov,Male,29.133.113.157
210,Beth,Rawle,brawle5t@ustream.tv,Male,186.70.14.167
211,Hanan,Flores,hflores5u@pbs.org,Male,34.134.241.113
212,Cherin,Boorman,cboorman5v@cnn.com,Genderqueer,48.88.114.150
213,Ezmeralda,Cyphus,ecyphus5w@ibm.com,Bigender,28.227.129.186
214,Norrie,Sugg,nsugg5x@epa.gov,Bigender,186.137.119.96
215,Pauly,Rouff,prouff5y@home.pl,Polygender,234.255.75.248
216,Bartram,Newnham,bnewnham5z@kickstarter.com,Female,197.135.185.254
217,Else,Penke,epenke60@arizona.edu,Male,170.120.138.60
218,Leonora,Blamphin,lblamphin61@senate.gov,Non-binary,22.105.143.185
219,Darleen,Jaray,djaray62@ebay.co.uk,Genderfluid,211.97.218.107
220,Shelley,Waterfield,swaterfield63@domainmarket.com,Agender,43.1.74.191
221,Allie,Lambrechts,alambrechts64@google.de,Agender,157.106.137.52
222,Ber,Jedryka,bjedryka65@aboutads.info,Genderfluid,29.60.48.200
223,Sile,Downse,sdownse66@php.net,Bigender,57.113.34.163
224,Mitchael,Pershouse,mpershouse67@photobucket.com,Female,249.96.145.209
225,Leonora,Mullinger,lmullinger68@arizona.edu,Genderqueer,237.89.230.41
226,Mickey,Tipper,mtipper69@bbb.org,Genderqueer,5.168.47.1
227,Gregoor,Durban,gdurban6a@nbcnews.com,Non-binary,21.81.144.38
228,Darcy,Kidstone,dkidstone6b@ucoz.ru,Genderqueer,32.57.247.99
229,Kristan,Rillstone,krillstone6c@weebly.com,Genderfluid,141.73.101.49
230,Manya,Hairyes,mhairyes6d@ted.com,Agender,85.243.230.129
231,Kelley,Eggins,keggins6e@phpbb.com,Genderqueer,229.131.142.144
232,Yvonne,Maillard,ymaillard6f@diigo.com,Genderfluid,121.172.106.35
233,Rayshell,Maddrah,rmaddrah6g@jigsy.com,Male,200.1.96.128
234,Nataniel,Collaton,ncollaton6h@i2i.jp,Polygender,208.231.47.80
235,Dixie,Eakle,deakle6i@tamu.edu,Polygender,119.234.90.12
236,Van,Jandourek,vjandourek6j@omniture.com,Male,43.118.204.140
237,Dewey,Lambdin,dlambdin6k@fc2.com,Female,85.150.210.210
238,Harmonia,Menico,hmenico6l@ehow.com,Agender,0.128.158.219
239,Gerome,Regi,gregi6m@ucoz.ru,Non-binary,136.103.188.139
240,Jacob,Caile,jcaile6n@mozilla.org,Agender,220.13.18.99
241,Buffy,Dampney,bdampney6o@quantcast.com,Genderqueer,227.3.207.245
242,Franciskus,Keogh,fkeogh6p@berkeley.edu,Non-binary,56.25.191.185
243,Cthrine,MacAskill,cmacaskill6q@nifty.com,Female,65.99.94.8
244,Nicki,Ever,never6r@sphinn.com,Genderfluid,46.214.236.44
245,Zacherie,Stanway,zstanway6s@wsj.com,Female,2.47.113.168
246,Kelly,Ilyasov,kilyasov6t@wikimedia.org,Female,34.246.226.71
247,Zaria,Amorts,zamorts6u@mit.edu,Polygender,124.225.218.145
248,Rafaelita,Charrier,rcharrier6v@disqus.com,Genderqueer,20.195.42.120
249,Gwenneth,Zamorano,gzamorano6w@mapquest.com,Female,217.15.249.140
250,Emanuele,Carloni,ecarloni6x@auda.org.au,Male,104.98.152.94
251,Keen,McInnery,kmcinnery6y@amazon.de,Agender,95.213.143.54
252,Joanie,Shreeve,jshreeve6z@seesaa.net,Non-binary,142.82.125.220
253,Serge,Delap,sdelap70@godaddy.com,Agender,234.86.50.250
254,Michaella,Keiley,mkeiley71@mlb.com,Bigender,38.43.203.182
255,Vick,Shreenan,vshreenan72@ifeng.com,Non-binary,198.181.110.126
256,Suzie,Thorlby,sthorlby73@census.gov,Non-binary,99.223.250.56
257,Trudey,Pamphilon,tpamphilon74@accuweather.com,Male,214.52.216.79
258,Kristen,Bradlaugh,kbradlaugh75@shop-pro.jp,Genderfluid,118.175.69.198
259,Pippa,Lainge,plainge76@miibeian.gov.cn,Female,84.4.72.236
260,Adina,Chipman,achipman77@rakuten.co.jp,Agender,167.38.121.132
261,Olva,Print,oprint78@slashdot.org,Male,25.166.17.66
262,Jay,Claricoates,jclaricoates79@hud.gov,Polygender,157.108.241.14
263,Emanuel,Cometto,ecometto7a@livejournal.com,Female,32.252.2.146
264,Alair,Huxley,ahuxley7b@plala.or.jp,Female,42.111.63.160
265,Alasteir,Stranger,astranger7c@ed.gov,Bigender,251.92.220.5
266,Tristan,Tatford,ttatford7d@dell.com,Genderfluid,42.82.244.78
267,Ciel,Devon,cdevon7e@latimes.com,Genderqueer,92.100.201.170
268,Shae,Mugglestone,smugglestone7f@tripod.com,Genderqueer,115.161.243.92
269,Joey,Moseley,jmoseley7g@people.com.cn,Polygender,252.59.124.238
270,Wilt,Ferrolli,wferrolli7h@a8.net,Female,216.63.126.160
271,Hendrick,Alsobrook,halsobrook7i@angelfire.com,Genderfluid,76.154.152.224
272,Antonietta,Schurig,aschurig7j@go.com,Female,227.140.27.187
273,Remy,Standeven,rstandeven7k@purevolume.com,Male,193.127.247.108
274,Odilia,Cake,ocake7l@sphinn.com,Polygender,97.19.64.74
275,Myrlene,Kennefick,mkennefick7m@go.com,Non-binary,230.176.254.76
276,Traver,Ewestace,tewestace7n@springer.com,Polygender,105.166.69.110
277,Flss,Mooreed,fmooreed7o@forbes.com,Genderfluid,133.117.120.168
278,Gustav,Donhardt,gdonhardt7p@qq.com,Polygender,94.15.195.128
279,Nap,Lewerenz,nlewerenz7q@google.fr,Genderfluid,188.146.251.232
280,Fionnula,Gooddie,fgooddie7r@topsy.com,Agender,247.26.132.213
281,Barclay,Martinot,bmartinot7s@disqus.com,Male,206.69.200.49
282,Marijn,Rangeley,mrangeley7t@prlog.org,Genderfluid,196.217.216.172
283,Garvy,Dorwood,gdorwood7u@macromedia.com,Female,132.204.162.82
284,Lizabeth,Goold,lgoold7v@columbia.edu,Polygender,63.71.120.79
285,Itch,McJerrow,imcjerrow7w@nbcnews.com,Polygender,131.204.29.159
286,Faulkner,Penniall,fpenniall7x@mozilla.org,Bigender,78.50.188.102
287,Alaster,Oswell,aoswell7y@tuttocitta.it,Bigender,167.47.177.106
288,Ted,Hatherleigh,thatherleigh7z@blog.com,Polygender,100.121.115.147
289,Malva,Chatwin,mchatwin80@theatlantic.com,Genderqueer,81.183.197.97
290,Cara,Graalmans,cgraalmans81@mail.ru,Agender,8.2.211.235
291,Townsend,Bolden,tbolden82@list-manage.com,Female,58.120.53.80
292,Lillian,Nunes Nabarro,lnunesnabarro83@businessweek.com,Genderqueer,130.112.157.46
293,Tremaine,Conrard,tconrard84@slideshare.net,Polygender,199.255.119.5
294,Glynn,Fabbri,gfabbri85@barnesandnoble.com,Non-binary,134.169.157.20
295,Klement,Whiles,kwhiles86@state.tx.us,Genderfluid,155.241.120.182
296,Waylan,Blakesley,wblakesley87@hubpages.com,Genderqueer,137.169.99.1
297,Torr,Sorton,tsorton88@hexun.com,Female,148.176.108.187
298,Devland,Treadwell,dtreadwell89@deviantart.com,Polygender,215.166.246.56
299,Evey,O'Hare,eohare8a@flickr.com,Agender,131.144.140.2
300,Berkly,Tanswill,btanswill8b@reverbnation.com,Polygender,223.191.16.66
301,Norah,Faichney,nfaichney8c@netlog.com,Genderfluid,170.132.184.158
302,Starla,Grimble,sgrimble8d@shop-pro.jp,Polygender,129.78.153.215
303,Benn,Cyseley,bcyseley8e@google.it,Female,116.249.177.83
304,Malorie,Plunket,mplunket8f@gizmodo.com,Polygender,112.45.82.176
305,Alvis,Miell,amiell8g@amazon.de,Male,9.12.117.78
306,Garold,Dorsett,gdorsett8h@wired.com,Genderfluid,213.125.54.235
307,Kacie,Lindenberg,klindenberg8i@xing.com,Agender,109.34.201.26
308,Madella,O'Neill,moneill8j@stanford.edu,Polygender,128.24.105.54
309,Elicia,Sudworth,esudworth8k@domainmarket.com,Non-binary,99.17.141.126
310,Arlinda,Kimmings,akimmings8l@360.cn,Male,37.241.104.5
311,Minor,Pettegree,mpettegree8m@moonfruit.com,Female,102.55.80.221
312,Berk,Pembery,bpembery8n@mlb.com,Agender,97.10.91.124
313,Kassandra,Garfoot,kgarfoot8o@bandcamp.com,Genderqueer,137.80.46.155
314,Wolf,Vinnick,wvinnick8p@apple.com,Bigender,161.94.165.58
315,Marlyn,Meneghi,mmeneghi8q@skype.com,Male,77.66.114.191
316,Geoffry,Bentje,gbentje8r@cdc.gov,Bigender,216.22.134.63
317,Dominick,Ferens,dferens8s@sciencedaily.com,Genderqueer,177.41.240.169
318,Brandyn,Votier,bvotier8t@springer.com,Genderqueer,220.49.241.243
319,Joli,Ginnally,jginnally8u@posterous.com,Genderfluid,19.108.17.242
320,Niki,Wolfenden,nwolfenden8v@last.fm,Genderfluid,98.195.255.110
321,Luciano,Durn,ldurn8w@mtv.com,Bigender,148.161.210.154
322,Alic,Sinisbury,asinisbury8x@linkedin.com,Agender,234.191.141.181
323,Laina,Grimsdyke,lgrimsdyke8y@woothemes.com,Male,86.229.49.236
324,Valene,Mapplethorpe,vmapplethorpe8z@discovery.com,Non-binary,230.247.97.21
325,Lefty,Kelsow,lkelsow90@guardian.co.uk,Bigender,77.135.124.176
326,Laney,Hullbrook,lhullbrook91@e-recht24.de,Non-binary,75.150.156.242
327,Allayne,O'Docherty,aodocherty92@amazon.de,Polygender,210.216.34.182
328,Wilt,O'Carney,wocarney93@chron.com,Male,226.33.91.4
329,Elena,McElory,emcelory94@reddit.com,Female,254.59.103.78
330,Everard,Kleinmann,ekleinmann95@salon.com,Female,252.255.117.72
331,Ginevra,Candwell,gcandwell96@harvard.edu,Female,24.186.165.56
332,Jenny,Ventum,jventum97@desdev.cn,Non-binary,20.135.221.10
333,Arv,Hartzenberg,ahartzenberg98@blogger.com,Polygender,58.39.148.66
334,Kaitlynn,Farfolomeev,kfarfolomeev99@dropbox.com,Genderqueer,87.15.91.91
335,Fran,Tidridge,ftidridge9a@soundcloud.com,Male,133.234.195.161
336,Isobel,Sims,isims9b@chron.com,Genderqueer,240.230.95.212
337,Jany,Deval,jdeval9c@squarespace.com,Agender,18.33.39.179
338,Douglass,Josefsson,djosefsson9d@slashdot.org,Genderfluid,200.28.73.115
339,Gayle,Romaine,gromaine9e@eepurl.com,Agender,83.94.74.241
340,Orlando,Edwins,oedwins9f@marketwatch.com,Bigender,187.248.71.149
341,Marin,Sanpher,msanpher9g@paypal.com,Agender,126.106.75.154
342,Shermy,De Giovanni,sdegiovanni9h@wp.com,Polygender,43.43.198.166
343,Chic,Sayward,csayward9i@indiatimes.com,Female,27.84.225.9
344,Somerset,Thrush,sthrush9j@geocities.jp,Female,166.94.3.165
345,Adlai,Dauber,adauber9k@msn.com,Female,232.51.150.236
346,Josee,Laite,jlaite9l@seesaa.net,Bigender,61.47.64.16
347,Aeriell,Gives,agives9m@alibaba.com,Male,153.37.54.43
348,Selena,McRuvie,smcruvie9n@flickr.com,Agender,185.127.195.178
349,Stepha,Abethell,sabethell9o@bloglines.com,Agender,155.62.151.252
350,Buck,Aloshkin,baloshkin9p@shutterfly.com,Agender,94.105.42.65
351,Cindy,Allington,callington9q@jalbum.net,Non-binary,208.91.2.112
352,Reggie,Bromehed,rbromehed9r@soup.io,Genderqueer,180.0.198.190
353,Micheal,Karolovsky,mkarolovsky9s@google.com,Bigender,74.219.192.183
354,Patrizio,Acott,pacott9t@qq.com,Genderfluid,168.95.193.245
355,Massimiliano,Spiby,mspiby9u@va.gov,Genderqueer,137.113.223.33
356,Marijn,Stove,mstove9v@tinypic.com,Genderqueer,206.208.170.95
357,Roger,Suddaby,rsuddaby9w@unblog.fr,Non-binary,206.224.85.17
358,Donavon,Carbert,dcarbert9x@free.fr,Bigender,76.81.213.20
359,Jerrie,Huyge,jhuyge9y@wordpress.com,Agender,68.6.70.44
360,Heidie,Mitham,hmitham9z@va.gov,Bigender,4.59.242.181
361,Gerianne,Saing,gsainga0@ed.gov,Bigender,87.28.171.192
362,Terri,Mackness,tmacknessa1@goo.gl,Bigender,157.53.228.142
363,Kassey,Acuna,kacunaa2@cisco.com,Non-binary,0.163.46.60
364,Elmer,Murty,emurtya3@vk.com,Non-binary,211.86.149.107
365,Tine,Chittie,tchittiea4@over-blog.com,Non-binary,209.88.113.62
366,Denny,Maynard,dmaynarda5@youku.com,Genderqueer,43.140.124.72
367,Sigismond,Cardoo,scardooa6@linkedin.com,Female,143.1.115.155
368,Gallagher,Ritmeyer,gritmeyera7@goo.ne.jp,Male,190.118.26.94
369,Lani,Leat,lleata8@nhs.uk,Non-binary,111.19.162.81
370,Toni,Dorn,tdorna9@delicious.com,Polygender,171.7.111.219
371,Carlina,Trownson,ctrownsonaa@shutterfly.com,Male,78.73.195.233
372,Emmeline,MacAlpine,emacalpineab@nba.com,Bigender,30.56.139.196
373,Rabbi,Healy,rhealyac@desdev.cn,Agender,81.246.37.116
374,Haily,Lindblom,hlindblomad@skype.com,Agender,149.55.101.115
375,Dell,Enston,denstonae@nbcnews.com,Bigender,86.52.101.128
376,Trevor,Cerman,tcermanaf@qq.com,Non-binary,174.95.133.107
377,Laurice,Genthner,lgenthnerag@domainmarket.com,Bigender,246.4.51.174
378,Joyann,Pontain,jpontainah@irs.gov,Genderfluid,24.19.174.40
379,Slade,Sallenger,ssallengerai@sphinn.com,Male,37.233.169.202
380,Ronnie,Bensen,rbensenaj@yahoo.com,Agender,37.159.46.87
381,Wynn,Jermy,wjermyak@dropbox.com,Polygender,116.57.112.10
382,Frannie,Thireau,fthireaual@fastcompany.com,Female,62.215.99.100
383,Stormy,Snowdon,ssnowdonam@usnews.com,Bigender,217.246.206.159
384,Hayley,Scarrisbrick,hscarrisbrickan@abc.net.au,Female,6.145.160.252
385,Gaspar,Hudless,ghudlessao@wisc.edu,Non-binary,245.221.35.62
386,Martyn,Tuff,mtuffap@wufoo.com,Agender,204.22.42.8
387,Beverie,Moseley,bmoseleyaq@com.com,Bigender,198.115.13.218
388,Beatriz,Fontelles,bfontellesar@hud.gov,Bigender,96.199.142.183
389,Elmira,Jervoise,ejervoiseas@ft.com,Polygender,172.60.201.23
390,Clarey,Krzyzanowski,ckrzyzanowskiat@dion.ne.jp,Genderfluid,36.228.111.115
391,Frazier,Sokill,fsokillau@fema.gov,Genderqueer,21.46.151.123
392,Carmel,Gillam,cgillamav@mozilla.org,Bigender,157.92.3.96
393,Jordain,Angus,jangusaw@simplemachines.org,Female,190.208.188.3
394,Bone,Scarisbrick,bscarisbrickax@archive.org,Bigender,89.24.235.198
395,Berne,Lamberto,blambertoay@dedecms.com,Genderqueer,249.165.57.0
396,Merv,Pele,mpeleaz@ed.gov,Non-binary,200.55.122.81
397,Ephraim,Scarse,escarseb0@ameblo.jp,Polygender,98.62.238.197
398,Cissiee,Hallett,challettb1@ox.ac.uk,Bigender,65.64.99.176
399,Mariette,Vickars,mvickarsb2@mayoclinic.com,Non-binary,122.38.188.10
400,Harmonie,Molden,hmoldenb3@fotki.com,Female,48.124.62.25
401,Deerdre,Nilles,dnillesb4@clickbank.net,Male,184.161.169.209
402,Allayne,Handley,ahandleyb5@cmu.edu,Bigender,87.101.149.237
403,Sheila,Beretta,sberettab6@feedburner.com,Genderfluid,23.93.12.222
404,Matti,Rosier,mrosierb7@altervista.org,Bigender,40.153.102.136
405,Wittie,Cobden,wcobdenb8@bbb.org,Non-binary,252.218.133.241
406,Davida,Antonchik,dantonchikb9@parallels.com,Agender,76.141.188.177
407,Murvyn,Myner,mmynerba@accuweather.com,Female,213.102.247.168
408,Bree,Sasser,bsasserbb@globo.com,Agender,163.136.234.122
409,Dinny,Philipart,dphilipartbc@cbslocal.com,Female,85.75.4.90
410,Roosevelt,Madill,rmadillbd@independent.co.uk,Genderqueer,93.91.69.61
411,Tiphanie,Tough,ttoughbe@cocolog-nifty.com,Genderqueer,51.248.5.67
412,Silvan,Pieter,spieterbf@360.cn,Male,19.132.224.81
413,Silvie,Aslum,saslumbg@tinyurl.com,Genderfluid,28.90.193.76
414,Meredithe,Nisbet,mnisbetbh@quantcast.com,Polygender,129.65.17.248
415,Giacopo,Birds,gbirdsbi@xing.com,Agender,151.102.220.253
416,Barty,Spry,bsprybj@prweb.com,Non-binary,196.45.52.244
417,Theodora,Bradnock,tbradnockbk@unc.edu,Female,16.196.255.251
418,Adaline,Stollman,astollmanbl@oakley.com,Bigender,47.174.89.198
419,Nealson,Norwell,nnorwellbm@oracle.com,Agender,169.243.188.121
420,Florri,Sabben,fsabbenbn@buzzfeed.com,Non-binary,233.120.85.235
421,Worthy,Sweetland,wsweetlandbo@wikia.com,Bigender,76.190.22.224
422,Chet,Duckers,cduckersbp@smugmug.com,Non-binary,181.132.49.118
423,Jo ann,Etter,jetterbq@youku.com,Non-binary,251.186.44.10
424,Ellerey,Cunah,ecunahbr@mashable.com,Genderqueer,115.18.182.151
425,Christoffer,Philipeaux,cphilipeauxbs@yolasite.com,Genderfluid,236.127.19.157
426,Sibella,Sycamore,ssycamorebt@meetup.com,Polygender,224.173.205.21
427,Collie,Ritchings,critchingsbu@latimes.com,Bigender,199.54.219.178
428,Johan,Ibel,jibelbv@tinyurl.com,Agender,130.62.179.184
429,Jarrid,Lillegard,jlillegardbw@dailymotion.com,Female,60.78.100.99
430,Gray,Seago,gseagobx@elegantthemes.com,Polygender,113.178.107.237
431,Dannye,Flanders,dflandersby@zimbio.com,Non-binary,79.17.77.205
432,Torie,Almak,talmakbz@engadget.com,Non-binary,66.154.190.196
433,Alyse,Fowkes,afowkesc0@bandcamp.com,Agender,162.22.160.110
434,Roana,Huebner,rhuebnerc1@npr.org,Female,92.76.227.132
435,Franklin,Insley,finsleyc2@geocities.jp,Genderqueer,92.217.132.40
436,Willem,Brace,wbracec3@squidoo.com,Bigender,179.180.29.127
437,Marissa,Grimoldby,mgrimoldbyc4@alibaba.com,Polygender,182.97.40.191
438,Hodge,Orae,horaec5@wikipedia.org,Agender,166.66.139.143
439,Tirrell,Casetti,tcasettic6@washington.edu,Female,176.199.123.58
440,Ab,Airy,aairyc7@istockphoto.com,Polygender,67.138.245.214
441,Hillery,Bitchener,hbitchenerc8@exblog.jp,Genderqueer,233.208.47.186
442,Sherwood,Mackilpatrick,smackilpatrickc9@jalbum.net,Bigender,157.16.41.99
443,Levin,Summons,lsummonsca@drupal.org,Non-binary,219.229.218.174
444,Damiano,Loreit,dloreitcb@nymag.com,Non-binary,43.151.10.254
445,Shannon,Bernetti,sbernetticc@salon.com,Bigender,12.135.224.226
446,Yehudi,Marco,ymarcocd@ed.gov,Female,29.207.155.7
447,Winifield,O'Donegan,wodonegance@aol.com,Genderqueer,61.162.242.151
448,Fleurette,Buller,fbullercf@technorati.com,Genderfluid,1.1.125.49
449,Nancie,Wicks,nwickscg@miibeian.gov.cn,Bigender,102.8.183.204
450,Andie,Atlay,aatlaych@geocities.jp,Genderqueer,113.84.5.38
451,Stavros,Ladlow,sladlowci@posterous.com,Male,229.67.252.113
452,Colene,Shiel,cshielcj@wsj.com,Polygender,61.1.161.27
453,Viki,Tinson,vtinsonck@aboutads.info,Genderqueer,97.41.249.49
454,Jessa,Yaldren,jyaldrencl@google.ca,Male,137.219.89.249
455,Egbert,Nussen,enussencm@ucoz.ru,Polygender,141.75.10.245
456,Francyne,Robiot,frobiotcn@diigo.com,Agender,18.13.249.73
457,Tracee,Ouslem,touslemco@sogou.com,Genderfluid,235.65.179.133
458,Ambrosius,McKirdy,amckirdycp@mac.com,Polygender,46.47.4.184
459,Ravid,Perrelli,rperrellicq@alibaba.com,Non-binary,163.124.154.36
460,Deeanne,Wale,dwalecr@cbsnews.com,Bigender,75.205.95.132
461,Paton,Nannini,pnanninics@seattletimes.com,Female,159.128.21.215
462,Sharlene,Gettins,sgettinsct@springer.com,Male,191.23.223.105
463,Renelle,De Miranda,rdemirandacu@columbia.edu,Agender,232.5.112.109
464,Letitia,Grayling,lgraylingcv@utexas.edu,Male,226.194.241.119
465,Petunia,Holde,pholdecw@virginia.edu,Female,239.191.58.60
466,Neron,Vasse,nvassecx@exblog.jp,Male,156.153.112.189
467,Allyson,Dunwoody,adunwoodycy@nsw.gov.au,Genderqueer,181.228.180.127
468,Lucienne,Simion,lsimioncz@google.co.uk,Agender,101.223.39.184
469,Clemmy,Hinners,chinnersd0@de.vu,Genderqueer,52.136.11.113
470,Adrianne,Garioch,agariochd1@hhs.gov,Bigender,236.29.188.155
471,Carolina,Bullimore,cbullimored2@huffingtonpost.com,Genderfluid,232.215.154.150
472,Annemarie,Goncaves,agoncavesd3@blinklist.com,Polygender,31.118.138.216
473,Thedrick,Hubbert,thubbertd4@quantcast.com,Bigender,61.89.85.133
474,Marge,Shoorbrooke,mshoorbrooked5@answers.com,Genderqueer,7.204.91.8
475,Mae,Levey,mleveyd6@tinyurl.com,Polygender,202.25.43.26
476,Padget,Cairns,pcairnsd7@walmart.com,Male,122.86.32.117
477,Nara,Pinckney,npinckneyd8@thetimes.co.uk,Genderqueer,193.160.218.169
478,Alison,Ricciardo,aricciardod9@bloomberg.com,Bigender,255.252.68.155
479,Bruno,Zanuciolii,bzanucioliida@guardian.co.uk,Bigender,121.29.63.151
480,Daron,Ticic,dticicdb@wufoo.com,Genderqueer,184.81.116.127
481,Rollie,Stert,rstertdc@slideshare.net,Female,36.99.176.114
482,Lorraine,Brabbins,lbrabbinsdd@youtu.be,Female,246.45.28.248
483,Case,Mensler,cmenslerde@people.com.cn,Bigender,33.98.138.227
484,Allyce,Briztman,abriztmandf@forbes.com,Polygender,182.36.40.0
485,Dene,Corstan,dcorstandg@dailymotion.com,Bigender,129.19.209.172
486,Dorry,Pashen,dpashendh@reddit.com,Genderqueer,166.147.2.100
487,Edvard,Pinkerton,epinkertondi@walmart.com,Bigender,216.210.118.87
488,Sheena,Annesley,sannesleydj@google.cn,Non-binary,137.223.105.156
489,Robinet,Northall,rnorthalldk@themeforest.net,Non-binary,217.60.231.237
490,Tonya,Axtonne,taxtonnedl@ycombinator.com,Polygender,132.234.101.164
491,Greg,Bewsy,gbewsydm@yandex.ru,Agender,182.254.142.25
492,Flss,Stuckow,fstuckowdn@people.com.cn,Genderfluid,30.72.241.137
493,Morry,Scarr,mscarrdo@github.com,Genderfluid,154.243.229.131
494,Tabb,Hillock,thillockdp@godaddy.com,Genderfluid,64.65.189.75
495,Brod,Ellson,bellsondq@hud.gov,Genderfluid,178.28.60.31
496,Justine,Janatka,jjanatkadr@vistaprint.com,Male,156.110.129.101
497,Wanids,Sandall,wsandallds@jalbum.net,Bigender,49.46.181.231
498,Mame,Cobain,mcobaindt@baidu.com,Genderqueer,49.45.59.188
499,Zollie,Atthowe,zatthowedu@usgs.gov,Agender,137.34.104.64
500,Angelita,Oakes,aoakesdv@gizmodo.com,Polygender,4.147.181.209
501,Alissa,Trousdale,atrousdaledw@chronoengine.com,Genderqueer,14.67.117.113
502,Sherill,Pfeuffer,spfeufferdx@geocities.jp,Polygender,190.208.18.232
503,Leighton,Helstrom,lhelstromdy@woothemes.com,Agender,62.109.78.244
504,Brandyn,Grubb,bgrubbdz@mayoclinic.com,Polygender,82.224.96.236
505,Lebbie,Cotgrove,lcotgrovee0@facebook.com,Polygender,57.216.249.225
506,Vida,Soigoux,vsoigouxe1@mac.com,Non-binary,243.22.157.210
507,Carina,Ecclestone,cecclestonee2@chicagotribune.com,Polygender,77.211.12.170
508,Mordy,St. Quentin,mstquentine3@ucsd.edu,Female,159.150.44.36
509,Killy,Cubbit,kcubbite4@narod.ru,Female,176.12.41.219
510,Grove,Risso,grissoe5@networkadvertising.org,Male,54.56.96.34
511,Stewart,Summons,ssummonse6@addthis.com,Polygender,205.109.51.61
512,Julissa,Olkowicz,jolkowicze7@home.pl,Non-binary,1.173.240.30
513,Ralf,Hunnable,rhunnablee8@census.gov,Genderqueer,176.154.49.53
514,Bryn,Loughney,bloughneye9@statcounter.com,Non-binary,184.252.231.19
515,Sheppard,Casillis,scasillisea@ask.com,Genderfluid,251.111.41.189
516,Tiebold,Mugleston,tmuglestoneb@pbs.org,Agender,244.12.17.205
517,Myca,Eynon,meynonec@fda.gov,Agender,119.142.176.206
518,Jervis,Schouthede,jschouthedeed@slideshare.net,Non-binary,48.89.143.184
519,Helaine,Collyns,hcollynsee@wsj.com,Agender,176.12.205.228
520,Ferdie,Outram,foutramef@independent.co.uk,Non-binary,35.126.52.23
521,Corabelle,Espinosa,cespinosaeg@nsw.gov.au,Bigender,59.91.205.132
522,Kris,Holbarrow,kholbarroweh@foxnews.com,Non-binary,174.93.221.3
523,Raf,Bredee,rbredeeei@angelfire.com,Bigender,205.80.40.154
524,Sigfrid,Teaze,steazeej@cnet.com,Polygender,215.126.71.220
525,Boony,Espadero,bespaderoek@mlb.com,Female,131.140.1.88
526,Ethelyn,Clausner,eclausnerel@ebay.com,Non-binary,221.61.135.158
527,Georgia,Lowen,glowenem@webeden.co.uk,Non-binary,189.81.195.77
528,Jannel,Maddams,jmaddamsen@sakura.ne.jp,Genderqueer,15.170.8.178
529,Trudy,Fulle,tfulleeo@mysql.com,Non-binary,59.178.70.172
530,Eldon,Ambrogioli,eambrogioliep@digg.com,Bigender,25.142.80.215
531,Davis,Meininger,dmeiningereq@is.gd,Agender,140.237.217.253
532,Rickert,Padmore,rpadmoreer@creativecommons.org,Genderqueer,236.7.248.55
533,Jolyn,McMeanma,jmcmeanmaes@cmu.edu,Non-binary,78.118.214.99
534,Vyky,Snowman,vsnowmanet@skype.com,Bigender,55.126.127.113
535,Egon,Wapples,ewappleseu@elegantthemes.com,Agender,34.73.199.108
536,Row,Adrian,radrianev@japanpost.jp,Genderfluid,63.91.232.97
537,Rosalinde,Osbiston,rosbistonew@hexun.com,Bigender,121.205.56.33
538,Dorian,McJury,dmcjuryex@baidu.com,Polygender,52.88.204.73
539,Trevar,Shore,tshoreey@boston.com,Non-binary,52.180.248.178
540,My,Hollingby,mhollingbyez@economist.com,Bigender,173.158.238.97
541,Tova,Bouskill,tbouskillf0@plala.or.jp,Bigender,243.159.57.107
542,Olav,Stealey,ostealeyf1@dell.com,Genderfluid,72.137.12.253
543,West,Renfrew,wrenfrewf2@ustream.tv,Genderfluid,244.71.178.126
544,Gabbey,Bernolet,gbernoletf3@comsenz.com,Agender,124.5.181.225
545,Krystle,McShirie,kmcshirief4@i2i.jp,Male,8.36.70.141
546,Putnem,Bartleet,pbartleetf5@skype.com,Non-binary,164.146.202.193
547,Cassi,Osgorby,cosgorbyf6@cisco.com,Agender,25.212.165.24
548,Roger,Wakeford,rwakefordf7@elegantthemes.com,Genderqueer,247.80.40.164
549,Creigh,Stote,cstotef8@infoseek.co.jp,Bigender,189.73.27.177
550,Jeannie,Tortis,jtortisf9@clickbank.net,Genderfluid,102.91.98.163
551,Beniamino,Wotton,bwottonfa@earthlink.net,Agender,60.206.51.199
552,Estelle,Christmas,echristmasfb@prnewswire.com,Female,86.190.172.194
553,Leila,Lampett,llampettfc@ehow.com,Non-binary,5.8.79.189
554,Clarita,Ruffle,crufflefd@t.co,Polygender,178.250.237.38
555,Dory,Nare,dnarefe@printfriendly.com,Polygender,73.117.226.13
556,Bartram,O'Dare,bodareff@craigslist.org,Bigender,16.49.2.141
557,Rosemonde,Steckings,rsteckingsfg@geocities.jp,Non-binary,51.161.25.203
558,Jo-ann,Cianni,jciannifh@behance.net,Female,198.0.112.157
559,Kimberlee,Askem,kaskemfi@ucoz.com,Polygender,103.164.80.183
560,Tandy,Maciaszczyk,tmaciaszczykfj@narod.ru,Male,248.226.222.144
561,De,Deave,ddeavefk@reddit.com,Polygender,15.81.162.227
562,Byram,Mushart,bmushartfl@huffingtonpost.com,Agender,123.84.11.14
563,Fern,Rotge,frotgefm@photobucket.com,Non-binary,154.236.89.70
564,Vanda,Golton,vgoltonfn@pbs.org,Polygender,248.15.85.129
565,Brock,Rosoni,brosonifo@livejournal.com,Genderqueer,230.154.221.243
566,Danya,De Filippo,ddefilippofp@cbslocal.com,Polygender,74.103.201.178
567,Ellyn,Peck,epeckfq@nationalgeographic.com,Female,37.48.140.125
568,Onida,Carik,ocarikfr@angelfire.com,Female,126.132.75.190
569,Kenn,Brunelli,kbrunellifs@cornell.edu,Female,5.225.140.13
570,Hedwig,Mowday,hmowdayft@huffingtonpost.com,Genderqueer,123.24.224.96
571,Adrian,Swires,aswiresfu@google.com.au,Genderqueer,248.209.192.119
572,Ferdinanda,Struther,fstrutherfv@time.com,Non-binary,70.24.211.156
573,Alexis,Stemson,astemsonfw@merriam-webster.com,Agender,180.227.101.100
574,Launce,Ilyinykh,lilyinykhfx@google.com.br,Female,16.128.243.136
575,Benedetta,Pridding,bpriddingfy@sfgate.com,Non-binary,20.47.54.7
576,Malchy,Mattiato,mmattiatofz@census.gov,Genderqueer,130.86.215.115
577,Steffane,Omond,somondg0@addthis.com,Genderfluid,160.113.1.7
578,Rafaello,Anstey,ransteyg1@newsvine.com,Agender,163.166.175.40
579,Analiese,Feacham,afeachamg2@altervista.org,Female,78.41.158.52
580,Phebe,Hensmans,phensmansg3@pcworld.com,Polygender,99.97.236.186
581,Gianna,McEnery,gmceneryg4@narod.ru,Polygender,203.53.15.254
582,Vitoria,Stanmore,vstanmoreg5@weibo.com,Male,48.179.177.93
583,Phineas,Yonge,pyongeg6@upenn.edu,Polygender,60.37.150.47
584,Margarita,Bettenson,mbettensong7@mlb.com,Male,142.63.254.158
585,Haslett,Caukill,hcaukillg8@biblegateway.com,Polygender,92.138.148.145
586,Augustina,Rudinger,arudingerg9@mozilla.org,Non-binary,44.222.159.113
587,Vance,Jailler,vjaillerga@whitehouse.gov,Female,101.182.206.163
588,Celina,Handrock,chandrockgb@google.ca,Male,6.163.73.111
589,Paige,Crannis,pcrannisgc@storify.com,Female,226.79.120.162
590,Hobard,Fabb,hfabbgd@cisco.com,Male,169.185.203.168
591,Ernest,Maliphant,emaliphantge@seattletimes.com,Bigender,146.108.111.108
592,Abdul,Menilove,amenilovegf@census.gov,Genderfluid,190.57.182.6
593,Morly,Winnard,mwinnardgg@networkadvertising.org,Non-binary,254.247.1.72
594,Dieter,Boschmann,dboschmanngh@google.ca,Genderqueer,79.200.167.105
595,Fleur,Worrill,fworrillgi@buzzfeed.com,Polygender,48.40.143.141
596,Martin,Verdun,mverdungj@seesaa.net,Female,135.75.177.52
597,Rena,Elia,reliagk@hao123.com,Polygender,155.51.11.237
598,Vanny,Corbin,vcorbingl@jimdo.com,Male,100.68.22.75
599,Krissy,Kobiela,kkobielagm@wufoo.com,Male,2.166.54.248
600,Walsh,Percifull,wpercifullgn@wix.com,Male,119.140.223.151
601,Shoshana,Roman,sromango@wix.com,Female,72.203.61.58
602,Hobey,Kewzick,hkewzickgp@networksolutions.com,Male,217.177.45.163
603,Izak,Killich,ikillichgq@pen.io,Polygender,209.14.166.60
604,Nathalie,Fludder,nfluddergr@businessweek.com,Male,95.58.200.78
605,Lyman,Southerton,lsouthertongs@opera.com,Non-binary,231.197.38.13
606,Dion,Preedy,dpreedygt@geocities.com,Non-binary,70.28.8.110
607,Rochelle,Rosenstock,rrosenstockgu@msu.edu,Genderqueer,222.157.96.182
608,Billy,McLennan,bmclennangv@slashdot.org,Male,90.233.112.27
609,Kellen,Shotter,kshottergw@imageshack.us,Polygender,92.60.251.230
610,Annalise,Alexsandrowicz,aalexsandrowiczgx@studiopress.com,Non-binary,61.131.99.112
611,Keri,Sinden,ksindengy@mlb.com,Female,103.253.58.95
612,Henriette,Rappport,hrappportgz@google.de,Female,158.90.31.57
613,Haley,Farrell,hfarrellh0@quantcast.com,Male,85.110.169.239
614,Junette,Renyard,jrenyardh1@cloudflare.com,Agender,95.55.180.135
615,Doll,Spanswick,dspanswickh2@nih.gov,Non-binary,10.115.85.225
616,Mira,Lantiffe,mlantiffeh3@spotify.com,Polygender,165.228.72.85
617,Crawford,Spinelli,cspinellih4@typepad.com,Genderfluid,149.212.115.135
618,Franky,Dumphy,fdumphyh5@chicagotribune.com,Female,22.228.19.82
619,Pennie,Steventon,psteventonh6@cnbc.com,Genderfluid,140.30.148.153
620,Penni,Denslow,pdenslowh7@bandcamp.com,Female,36.51.159.146
621,Joly,Hawkes,jhawkesh8@army.mil,Female,18.180.49.92
622,Marguerite,Mullord,mmullordh9@youku.com,Bigender,211.163.22.252
623,Hersh,Borlease,hborleaseha@cbslocal.com,Female,69.193.195.27
624,David,Tabert,dtaberthb@comcast.net,Female,71.73.102.146
625,Faun,Barson,fbarsonhc@arizona.edu,Genderqueer,37.35.145.212
626,Coraline,Doornbos,cdoornboshd@mediafire.com,Male,42.151.254.34
627,Morten,Southerns,msouthernshe@phpbb.com,Male,95.1.20.105
628,Homerus,McComish,hmccomishhf@usgs.gov,Bigender,179.63.84.61
629,Carleen,Collidge,ccollidgehg@independent.co.uk,Male,218.10.72.61
630,Cully,McQuaid,cmcquaidhh@eepurl.com,Female,162.252.94.80
631,Arlana,Pittford,apittfordhi@spotify.com,Polygender,134.62.203.104
632,Regina,Raymond,rraymondhj@independent.co.uk,Non-binary,38.182.205.24
633,Neda,Reeman,nreemanhk@si.edu,Bigender,43.155.144.47
634,Benton,Johnston,bjohnstonhl@youtube.com,Agender,2.121.91.141
635,Allx,Crepin,acrepinhm@51.la,Female,134.21.41.155
636,Matias,Borsnall,mborsnallhn@homestead.com,Male,160.91.119.66
637,Burk,Hackelton,bhackeltonho@odnoklassniki.ru,Bigender,132.46.170.93
638,Flore,Kitchen,fkitchenhp@hc360.com,Non-binary,131.33.242.82
639,Eadie,Springer,espringerhq@unc.edu,Female,194.116.233.231
640,Morgen,Thomazet,mthomazethr@slideshare.net,Polygender,254.98.157.31
641,Noah,Orrock,norrockhs@de.vu,Genderfluid,102.75.226.2
642,Maridel,Pineaux,mpineauxht@facebook.com,Polygender,158.246.180.130
643,Nico,Legrand,nlegrandhu@mit.edu,Genderqueer,168.22.36.18
644,Desi,Mulliss,dmullisshv@state.tx.us,Male,30.109.178.121
645,Nerta,Cackett,ncacketthw@bandcamp.com,Non-binary,72.249.175.167
646,Jany,Geffen,jgeffenhx@odnoklassniki.ru,Genderfluid,155.253.191.96
647,Jehu,Brame,jbramehy@edublogs.org,Male,87.87.220.60
648,Melany,McCool,mmccoolhz@wikimedia.org,Female,203.69.154.5
649,Chilton,Davidescu,cdavidescui0@sphinn.com,Non-binary,195.145.247.168
650,Ronald,Foukx,rfoukxi1@hibu.com,Male,117.69.247.236
651,Daryn,Bear,dbeari2@nsw.gov.au,Agender,191.152.67.120
652,Dotti,Kagan,dkagani3@who.int,Male,244.90.65.77
653,Quintus,McNeil,qmcneili4@cloudflare.com,Male,48.98.55.21
654,Teodoro,Blacket,tblacketi5@qq.com,Genderqueer,169.85.44.117
655,Margalo,Jahnisch,mjahnischi6@nymag.com,Polygender,246.210.213.248
656,Florri,Narey,fnareyi7@techcrunch.com,Agender,28.93.33.112
657,Devon,Mc Kellen,dmckelleni8@163.com,Male,216.227.113.206
658,Amity,Vivien,avivieni9@twitter.com,Female,247.44.16.139
659,Rina,Favell,rfavellia@zimbio.com,Agender,16.40.159.128
660,Libbie,Croan,lcroanib@dion.ne.jp,Agender,86.133.85.140
661,Jerad,Charopen,jcharopenic@godaddy.com,Genderfluid,161.74.219.25
662,Essa,Jezzard,ejezzardid@pbs.org,Non-binary,82.210.234.94
663,Winna,Pask,wpaskie@google.pl,Polygender,115.53.226.130
664,Babara,Leschelle,bleschelleif@blogs.com,Male,9.7.204.244
665,Darryl,Wolfart,dwolfartig@apache.org,Genderfluid,243.21.168.1
666,Boycey,Willcot,bwillcotih@tinyurl.com,Non-binary,245.48.122.162
667,Barclay,Noorwood,bnoorwoodii@jiathis.com,Bigender,72.113.206.81
668,Raynell,Aldous,raldousij@google.es,Female,0.100.135.109
669,Abraham,Gymblett,agymblettik@msu.edu,Female,157.134.64.143
670,Tessy,Eggins,tegginsil@yandex.ru,Female,110.151.28.44
671,Fayth,Harroway,fharrowayim@last.fm,Bigender,99.255.77.178
672,Alasdair,Van der Kruis,avanderkruisin@wordpress.com,Genderfluid,65.203.115.251
673,Corey,Beeton,cbeetonio@sfgate.com,Agender,69.63.102.188
674,Gerianne,Bedow,gbedowip@msn.com,Genderqueer,213.125.89.74
675,Clevie,Troke,ctrokeiq@java.com,Bigender,250.251.102.117
676,Sky,Yitzovicz,syitzoviczir@desdev.cn,Genderqueer,55.190.42.135
677,Adriena,Garratt,agarrattis@harvard.edu,Genderfluid,15.226.197.63
678,Fidelio,Causey,fcauseyit@e-recht24.de,Bigender,73.158.148.102
679,Amory,Mutimer,amutimeriu@histats.com,Genderqueer,77.228.166.29
680,Shana,Handy,shandyiv@eepurl.com,Agender,133.146.218.162
681,Keary,Stapels,kstapelsiw@rambler.ru,Non-binary,139.136.237.79
682,Amanda,Pistol,apistolix@hp.com,Genderfluid,96.95.210.202
683,Jeannette,O'Brollachain,jobrollachainiy@google.it,Female,208.227.75.140
684,Ezechiel,Flintuff,eflintuffiz@1688.com,Female,14.205.207.111
685,Marjory,Bosomworth,mbosomworthj0@goo.gl,Agender,247.208.158.212
686,Maury,Obeney,mobeneyj1@ucoz.com,Female,112.238.59.95
687,Arlen,Hardiker,ahardikerj2@archive.org,Bigender,129.245.146.100
688,Fredrick,Renault,frenaultj3@jimdo.com,Genderfluid,192.144.204.105
689,Lesli,Hughlin,lhughlinj4@nps.gov,Non-binary,127.214.164.133
690,Carolyne,Jura,cjuraj5@hao123.com,Genderfluid,196.71.133.170
691,Padraic,Guthrie,pguthriej6@arizona.edu,Bigender,30.12.128.218
692,Philippa,Alliband,pallibandj7@clickbank.net,Genderfluid,236.60.112.146
693,Bendick,Haitlie,bhaitliej8@boston.com,Female,85.7.73.253
694,Lief,Birdwhistell,lbirdwhistellj9@devhub.com,Non-binary,193.164.101.67
695,Carlene,Soutter,csoutterja@nih.gov,Non-binary,125.78.49.105
696,Anestassia,Oels,aoelsjb@mlb.com,Male,195.213.191.128
697,Sarajane,Jedrasik,sjedrasikjc@dyndns.org,Polygender,199.14.63.195
698,Clare,Fattori,cfattorijd@pen.io,Male,251.253.28.229
699,Rhona,Featherstonhaugh,rfeatherstonhaughje@youku.com,Non-binary,211.111.101.11
700,Nell,Pearne,npearnejf@cisco.com,Polygender,73.184.115.86
701,Josie,Banford,jbanfordjg@vinaora.com,Non-binary,254.220.201.25
702,Erika,Surcomb,esurcombjh@soundcloud.com,Bigender,186.95.48.37
703,Arnoldo,Aspin,aaspinji@mac.com,Non-binary,167.3.182.5
704,Imelda,Doherty,idohertyjj@sphinn.com,Female,110.167.32.103
705,Judon,Seiler,jseilerjk@intel.com,Genderfluid,218.22.96.245
706,Wells,Djorvic,wdjorvicjl@phoca.cz,Bigender,183.251.141.102
707,Roselia,Mattecot,rmattecotjm@salon.com,Agender,227.1.91.170
708,Adlai,Newgrosh,anewgroshjn@mail.ru,Male,105.43.161.153
709,Anastassia,Branson,abransonjo@amazonaws.com,Non-binary,106.189.17.251
710,Charlton,Munslow,cmunslowjp@bing.com,Agender,58.143.118.192
711,Judon,Shilito,jshilitojq@cmu.edu,Male,67.27.184.226
712,Rani,Mathys,rmathysjr@archive.org,Bigender,16.27.74.252
713,Nevin,Brownsworth,nbrownsworthjs@go.com,Bigender,77.114.191.144
714,Clayson,Giacobbo,cgiacobbojt@discovery.com,Female,242.242.34.102
715,Claybourne,Filer,cfilerju@discovery.com,Polygender,144.25.83.7
716,Meridith,Hamon,mhamonjv@ebay.co.uk,Bigender,118.206.166.110
717,Fergus,McLice,fmclicejw@elegantthemes.com,Non-binary,26.135.49.111
718,Carlin,Slowgrave,cslowgravejx@bizjournals.com,Male,232.13.252.247
719,Ogden,Creeghan,ocreeghanjy@guardian.co.uk,Polygender,118.26.27.88
720,Quintus,Vader,qvaderjz@bluehost.com,Genderqueer,43.216.156.244
721,Karlan,Margeram,kmargeramk0@mozilla.com,Bigender,26.79.60.152
722,Westley,Swadon,wswadonk1@bbc.co.uk,Non-binary,121.179.220.200
723,Zoe,Perks,zperksk2@unblog.fr,Male,121.216.76.72
724,Hartley,Scrange,hscrangek3@eventbrite.com,Agender,46.171.209.108
725,Abby,Obee,aobeek4@tuttocitta.it,Polygender,250.40.165.151
726,Alley,Sloyan,asloyank5@bloglovin.com,Genderfluid,95.47.47.52
727,Christy,Fermer,cfermerk6@merriam-webster.com,Agender,210.35.176.101
728,Vasilis,Wellwood,vwellwoodk7@devhub.com,Genderqueer,106.4.59.210
729,Jannel,Birts,jbirtsk8@ibm.com,Male,214.188.26.201
730,Justin,Lavielle,jlaviellek9@paypal.com,Agender,217.171.225.145
731,Nial,Gabrieli,ngabrielika@dagondesign.com,Polygender,58.246.26.215
732,Germain,Fosken,gfoskenkb@usgs.gov,Agender,87.128.143.207
733,Hulda,Grissett,hgrissettkc@google.com,Genderfluid,177.4.206.84
734,Jolee,Chillingsworth,jchillingsworthkd@arizona.edu,Agender,33.208.68.163
735,Gloriane,Ell,gellke@europa.eu,Polygender,24.108.134.130
736,Bernie,Buncher,bbuncherkf@over-blog.com,Female,116.171.49.24
737,Vivien,Roloff,vroloffkg@linkedin.com,Polygender,187.183.141.161
738,Ailsun,Swindles,aswindleskh@baidu.com,Non-binary,33.9.187.58
739,Marylou,Ianilli,mianilliki@newyorker.com,Female,140.222.253.107
740,Andre,Nevitt,anevittkj@yellowbook.com,Bigender,164.254.200.117
741,Rodge,Ivic,rivickk@google.de,Female,219.157.52.14
742,Hebert,Umpleby,humplebykl@theguardian.com,Genderfluid,82.4.158.9
743,Gae,Cockitt,gcockittkm@cmu.edu,Polygender,245.33.123.165
744,Tammie,McCarrick,tmccarrickkn@dagondesign.com,Non-binary,218.189.22.109
745,Adrea,Klimmek,aklimmekko@myspace.com,Bigender,150.50.203.98
746,Petronella,Aires,paireskp@zimbio.com,Bigender,189.248.41.210
747,Melly,Von Welldun,mvonwelldunkq@sphinn.com,Female,241.163.20.202
748,Hilton,Fandrey,hfandreykr@smh.com.au,Polygender,120.171.148.65
749,Frank,Danilovich,fdanilovichks@geocities.com,Polygender,50.61.193.11
750,Omar,Burleton,oburletonkt@samsung.com,Male,76.200.20.199
751,Deonne,Scourgie,dscourgieku@creativecommons.org,Bigender,113.41.181.74
752,Otto,Monaghan,omonaghankv@infoseek.co.jp,Bigender,110.186.210.32
753,Gerry,Pleat,gpleatkw@npr.org,Male,206.56.219.29
754,Trevor,Climo,tclimokx@instagram.com,Genderfluid,64.211.89.134
755,Marvin,Von Der Empten,mvonderemptenky@mysql.com,Female,133.193.82.253
756,Emlyn,Kennicott,ekennicottkz@fastcompany.com,Agender,142.227.120.12
757,Genni,Buttrick,gbuttrickl0@elpais.com,Female,203.70.4.34
758,Alric,Trowler,atrowlerl1@ocn.ne.jp,Bigender,59.25.151.169
759,Jodi,Fone,jfonel2@netscape.com,Polygender,245.13.36.136
760,Arnaldo,Hotson,ahotsonl3@marketwatch.com,Genderqueer,255.143.32.113
761,Galven,Winsiowiecki,gwinsiowieckil4@t-online.de,Polygender,151.155.152.211
762,Rutger,Mathelin,rmathelinl5@jimdo.com,Non-binary,130.140.217.168
763,Udale,Huthart,uhuthartl6@cnn.com,Polygender,1.224.120.180
764,Irene,Currey,icurreyl7@cpanel.net,Genderqueer,129.234.201.181
765,Cher,Fehners,cfehnersl8@tinyurl.com,Polygender,8.93.104.252
766,Hali,Witnall,hwitnalll9@freewebs.com,Female,137.180.46.150
767,Sybyl,Weekland,sweeklandla@devhub.com,Polygender,235.184.7.87
768,Napoleon,Fothergill,nfothergilllb@constantcontact.com,Genderfluid,141.173.138.88
769,Giraldo,Strutz,gstrutzlc@irs.gov,Non-binary,167.59.211.97
770,Raphael,Sprey,rspreyld@edublogs.org,Genderqueer,51.117.57.32
771,Baily,Cornelissen,bcornelissenle@slashdot.org,Genderfluid,33.252.139.211
772,Oliver,Hue,ohuelf@mit.edu,Bigender,86.222.141.58
773,Jennica,Laidlow,jlaidlowlg@hud.gov,Agender,97.197.54.10
774,Ursa,Turnell,uturnelllh@nba.com,Genderqueer,174.184.89.229
775,Kim,Besantie,kbesantieli@pen.io,Genderfluid,162.1.7.217
776,Noel,Thaxter,nthaxterlj@bandcamp.com,Female,169.175.8.51
777,Jacquenette,Muehle,jmuehlelk@accuweather.com,Polygender,22.232.66.222
778,Cull,Orbell,corbellll@fotki.com,Agender,53.234.57.96
779,Courtney,Beebee,cbeebeelm@hubpages.com,Male,146.214.184.155
780,Moshe,Clears,mclearsln@msu.edu,Genderfluid,207.79.121.26
781,Godfrey,Inkpin,ginkpinlo@constantcontact.com,Female,54.214.54.224
782,Nicholas,Monery,nmonerylp@google.pl,Non-binary,95.31.39.35
783,Allistir,O'Crevy,aocrevylq@prnewswire.com,Agender,95.211.67.15
784,Delora,Cotesford,dcotesfordlr@amazon.com,Genderqueer,112.89.155.28
785,Jarad,Burrage,jburragels@salon.com,Bigender,2.243.96.83
786,Myrle,Tradewell,mtradewelllt@imdb.com,Genderfluid,108.76.165.68
787,Leah,Iscowitz,liscowitzlu@storify.com,Polygender,29.115.144.176
788,Sunny,Marlor,smarlorlv@pcworld.com,Bigender,96.140.169.205
789,Helaina,McHardy,hmchardylw@clickbank.net,Female,126.197.107.72
790,Cal,Willimont,cwillimontlx@altervista.org,Male,153.90.233.186
791,Remy,Lauga,rlaugaly@ameblo.jp,Bigender,114.225.97.207
792,Jocelyne,Whorlow,jwhorlowlz@reverbnation.com,Genderfluid,95.159.61.185
793,Erich,Growcock,egrowcockm0@bloomberg.com,Polygender,100.186.135.186
794,Cristionna,Lippini,clippinim1@cdc.gov,Male,33.201.26.44
795,Colby,Jerrans,cjerransm2@loc.gov,Female,158.26.186.203
796,Rosabel,Grimwad,rgrimwadm3@ow.ly,Female,222.47.149.47
797,Quintin,Kemmis,qkemmism4@virginia.edu,Non-binary,89.79.38.2
798,Locke,Delmonti,ldelmontim5@ycombinator.com,Agender,140.73.38.51
799,Kimmie,Harriman,kharrimanm6@narod.ru,Genderqueer,212.141.73.4
800,Helen,Simms,hsimmsm7@buzzfeed.com,Genderfluid,162.8.66.173
801,Nara,Prose,nprosem8@reverbnation.com,Genderfluid,134.152.134.222
802,Tybie,Stenner,tstennerm9@soundcloud.com,Genderfluid,24.184.76.244
803,Shea,Pasquale,spasqualema@cam.ac.uk,Male,143.246.244.33
804,Tobie,Slaughter,tslaughtermb@de.vu,Non-binary,210.221.65.129
805,Cornela,Cuttle,ccuttlemc@sogou.com,Genderqueer,201.202.90.138
806,Olympe,Nelthorpe,onelthorpemd@theglobeandmail.com,Agender,203.216.142.245
807,Miller,Lamberto,mlambertome@cdbaby.com,Bigender,153.178.139.170
808,Farrah,Danslow,fdanslowmf@cyberchimps.com,Non-binary,255.63.160.221
809,Lorilee,Joyson,ljoysonmg@last.fm,Non-binary,204.82.90.42
810,Cele,Bracknell,cbracknellmh@shop-pro.jp,Non-binary,105.162.150.193
811,Der,Liccardo,dliccardomi@com.com,Bigender,62.229.187.240
812,Avictor,Josephi,ajosephimj@xing.com,Male,140.92.254.224
813,Esmeralda,Anglim,eanglimmk@sogou.com,Non-binary,129.227.248.203
814,Giacobo,Regorz,gregorzml@angelfire.com,Bigender,73.56.126.178
815,Nestor,Barber,nbarbermm@apache.org,Agender,217.246.232.138
816,Rafe,Pavier,rpaviermn@topsy.com,Non-binary,98.222.138.89
817,Merline,O'Mullally,momullallymo@unblog.fr,Male,80.107.26.252
818,Harrison,Reside,hresidemp@npr.org,Bigender,13.126.252.206
819,Melitta,Porker,mporkermq@icio.us,Genderfluid,176.179.121.221
820,Wainwright,Ziem,wziemmr@epa.gov,Genderqueer,197.235.196.217
821,Dall,Lammert,dlammertms@wikipedia.org,Agender,210.196.100.208
822,Ailene,Loutheane,aloutheanemt@mediafire.com,Genderfluid,76.14.120.217
823,Johannes,Chittim,jchittimmu@ifeng.com,Female,150.164.79.37
824,Franni,Waymont,fwaymontmv@ft.com,Polygender,107.157.32.188
825,Ernesto,Poppy,epoppymw@delicious.com,Female,224.15.9.34
826,Lauraine,Spenley,lspenleymx@symantec.com,Genderfluid,122.42.62.133
827,Sherwynd,McGregor,smcgregormy@loc.gov,Male,203.51.114.26
828,Kleon,Barnes,kbarnesmz@sciencedirect.com,Bigender,211.134.233.80
829,Bruno,Greenrde,bgreenrden0@about.me,Bigender,181.171.169.28
830,Katha,Loftus,kloftusn1@cornell.edu,Male,22.216.71.112
831,Margaretta,Burgan,mburgann2@cbslocal.com,Non-binary,65.213.188.124
832,Nolie,Wilkowski,nwilkowskin3@biblegateway.com,Polygender,22.61.235.123
833,Ripley,Blackshaw,rblackshawn4@samsung.com,Genderqueer,34.206.214.49
834,Astrix,Plaunch,aplaunchn5@businessinsider.com,Agender,159.197.133.63
835,Elmore,Menlove,emenloven6@prweb.com,Bigender,95.21.88.95
836,Maryanne,Cavie,mcavien7@dagondesign.com,Non-binary,5.28.52.69
837,Esdras,Crellim,ecrellimn8@apache.org,Agender,51.245.158.191
838,Torrie,Jessard,tjessardn9@prlog.org,Polygender,75.77.124.216
839,Chev,Eastam,ceastamna@sbwire.com,Bigender,38.202.110.183
840,Franklin,Aylward,faylwardnb@smugmug.com,Genderqueer,191.118.196.206
841,Verine,Barnby,vbarnbync@google.co.jp,Genderfluid,21.213.176.33
842,Alexis,Moubray,amoubraynd@japanpost.jp,Male,168.115.158.249
843,Inga,Idney,iidneyne@scribd.com,Genderfluid,130.215.159.124
844,Scot,Northbridge,snorthbridgenf@squidoo.com,Genderfluid,191.136.229.76
845,Hamnet,Mabson,hmabsonng@i2i.jp,Polygender,109.106.234.88
846,Cammi,Paulon,cpaulonnh@cpanel.net,Non-binary,111.232.227.131
847,Lorelei,Hadgkiss,lhadgkissni@altervista.org,Genderfluid,243.101.168.16
848,Deni,Willmot,dwillmotnj@cisco.com,Bigender,179.251.46.67
849,Elia,Burnsall,eburnsallnk@desdev.cn,Agender,64.107.170.172
850,Yasmin,Elliss,yellissnl@yolasite.com,Genderfluid,204.144.160.120
851,Lawry,Jagger,ljaggernm@twitter.com,Bigender,224.18.213.6
852,Ainsley,Spinetti,aspinettinn@youtu.be,Non-binary,150.26.191.100
853,Kristyn,McGonagle,kmcgonagleno@springer.com,Bigender,178.244.174.186
854,Richie,Browne,rbrownenp@amazon.de,Bigender,112.56.1.221
855,Devan,Gwyer,dgwyernq@nbcnews.com,Genderqueer,87.128.31.27
856,Stafani,Lemoir,slemoirnr@wunderground.com,Genderfluid,54.199.244.158
857,Caresse,Incogna,cincognans@mozilla.org,Female,221.222.45.152
858,Merrill,Farman,mfarmannt@facebook.com,Non-binary,21.139.245.126
859,Levon,Barbour,lbarbournu@unicef.org,Female,2.223.111.107
860,Wendel,Wethered,wwetherednv@ucoz.com,Genderfluid,149.49.241.178
861,Claus,O'Crigane,cocriganenw@fotki.com,Genderqueer,241.19.79.167
862,Selby,Tinto,stintonx@mapquest.com,Non-binary,245.228.177.7
863,Sandor,MacPherson,smacphersonny@mediafire.com,Male,145.76.164.29
864,Nobe,Sigars,nsigarsnz@themeforest.net,Genderfluid,135.68.206.101
865,Lorelei,Tysack,ltysacko0@reuters.com,Bigender,163.251.108.82
866,Kippie,Coonan,kcoonano1@spiegel.de,Polygender,0.17.4.252
867,Georgianne,Hodgen,ghodgeno2@merriam-webster.com,Agender,192.154.191.92
868,Wolfgang,Hamper,whampero3@oakley.com,Bigender,84.137.20.158
869,Zebulen,Hachard,zhachardo4@stanford.edu,Genderqueer,34.57.27.227
870,Giulio,Kenderdine,gkenderdineo5@omniture.com,Genderfluid,202.179.11.75
871,Tess,Dumingo,tdumingoo6@go.com,Agender,55.64.236.208
872,Bryana,Ketchen,bketcheno7@themeforest.net,Genderfluid,105.142.2.40
873,Lindsy,Ebbens,lebbenso8@zdnet.com,Genderqueer,164.218.157.207
874,Kelsey,Turbill,kturbillo9@samsung.com,Agender,89.242.75.34
875,Wanda,Vero,wverooa@surveymonkey.com,Male,217.140.119.236
876,Ive,Hanaby,ihanabyob@cyberchimps.com,Genderfluid,18.228.129.228
877,Gustavo,Schermick,gschermickoc@elegantthemes.com,Genderfluid,25.86.129.5
878,Kamillah,Williment,kwillimentod@senate.gov,Female,105.199.204.255
879,Ulrike,Porker,uporkeroe@blog.com,Polygender,240.43.168.38
880,Thibaut,Bockman,tbockmanof@csmonitor.com,Polygender,200.62.76.170
881,Irving,McMurty,imcmurtyog@wix.com,Polygender,255.2.80.66
882,Brade,Gipp,bgippoh@wordpress.org,Agender,128.47.197.2
883,Walden,Pouck,wpouckoi@ucoz.ru,Female,124.160.235.154
884,Annnora,Tugwell,atugwelloj@disqus.com,Agender,92.80.8.128
885,Sheelah,MattiCCI,smatticciok@techcrunch.com,Agender,143.242.168.55
886,Ammamaria,Rozzell,arozzellol@feedburner.com,Genderfluid,135.21.167.234
887,Kit,Marie,kmarieom@tinypic.com,Polygender,45.187.156.245
888,Durant,Yewdell,dyewdellon@timesonline.co.uk,Bigender,116.71.220.210
889,Mara,Henmarsh,mhenmarshoo@gmpg.org,Genderqueer,213.119.172.51
890,Garold,Delgado,gdelgadoop@mac.com,Genderqueer,123.138.179.250
891,Elisa,Salomon,esalomonoq@booking.com,Non-binary,146.165.237.153
892,Kim,Hannibal,khannibalor@e-recht24.de,Agender,218.191.67.223
893,Garvin,Lansly,glanslyos@tripadvisor.com,Agender,29.128.192.61
894,Rivy,Zorro,rzorroot@princeton.edu,Polygender,158.74.107.84
895,Odetta,Champneys,ochampneysou@bravesites.com,Genderqueer,115.214.184.110
896,Letitia,Bewlie,lbewlieov@apache.org,Agender,15.153.58.181
897,Bail,Chiswell,bchiswellow@wordpress.com,Bigender,163.175.225.75
898,Lory,Ringrose,lringroseox@umich.edu,Agender,131.187.118.130
899,Florie,McGovern,fmcgovernoy@weebly.com,Bigender,126.29.242.21
900,Gaston,Cleare,gcleareoz@theguardian.com,Non-binary,217.101.254.20
901,Janna,Dibbin,jdibbinp0@usgs.gov,Non-binary,9.65.238.15
902,Ceciley,Hurran,churranp1@purevolume.com,Non-binary,34.165.40.234
903,Anestassia,Pittendreigh,apittendreighp2@prlog.org,Agender,49.33.155.91
904,Belva,Lonie,bloniep3@senate.gov,Genderfluid,235.178.87.143
905,Lucio,Deveril,ldeverilp4@google.fr,Genderfluid,86.89.180.221
906,Barn,Patriche,bpatrichep5@hao123.com,Bigender,128.234.147.44
907,Emalia,Cridge,ecridgep6@github.io,Agender,37.178.123.243
908,Gill,Clara,gclarap7@edublogs.org,Bigender,197.226.133.73
909,Marylee,Kenealy,mkenealyp8@cyberchimps.com,Genderqueer,73.117.206.195
910,Eryn,Larter,elarterp9@geocities.jp,Non-binary,244.221.94.226
911,Jolynn,Getch,jgetchpa@51.la,Male,161.201.89.99
912,Caron,Dodshun,cdodshunpb@blogger.com,Polygender,232.19.103.187
913,Roseline,Broinlich,rbroinlichpc@latimes.com,Polygender,103.39.173.162
914,Koo,Elecum,kelecumpd@digg.com,Male,225.15.222.235
915,Theresita,Poppy,tpoppype@youtu.be,Genderqueer,234.248.226.202
916,Guinna,Comberbach,gcomberbachpf@vkontakte.ru,Agender,202.156.73.149
917,Harmonie,Blooman,hbloomanpg@over-blog.com,Genderfluid,158.187.200.106
918,Davon,Ivetts,divettsph@nasa.gov,Polygender,34.246.89.54
919,Hurlee,Shakesbye,hshakesbyepi@yale.edu,Non-binary,145.254.109.210
920,Eli,Feld,efeldpj@independent.co.uk,Polygender,8.105.188.50
921,Hilary,Helstrom,hhelstrompk@i2i.jp,Female,248.64.78.151
922,Mattheus,McNuff,mmcnuffpl@last.fm,Non-binary,197.241.150.128
923,Antin,Stelli,astellipm@spotify.com,Male,235.19.104.196
924,Roi,Balm,rbalmpn@ow.ly,Agender,166.132.68.168
925,Ber,Wilman,bwilmanpo@google.co.uk,Agender,225.87.73.217
926,Demetris,Lanchbery,dlanchberypp@desdev.cn,Female,233.171.246.114
927,Lorena,Inker,linkerpq@yandex.ru,Female,45.84.19.117
928,Patricio,Downing,pdowningpr@barnesandnoble.com,Non-binary,205.107.114.63
929,Leela,Fulleylove,lfulleyloveps@seattletimes.com,Bigender,76.226.87.210
930,Dinny,Klaiser,dklaiserpt@tumblr.com,Polygender,76.214.9.107
931,Kissee,Lazonby,klazonbypu@twitpic.com,Non-binary,251.210.110.104
932,Rhiamon,Fenelon,rfenelonpv@imdb.com,Genderqueer,250.243.37.42
933,Caryn,Cornewell,ccornewellpw@nbcnews.com,Bigender,119.184.99.238
934,Marian,Borsay,mborsaypx@arizona.edu,Agender,210.143.127.234
935,Kennan,Sherrock,ksherrockpy@businessweek.com,Genderqueer,202.224.142.228
936,Darell,Hedworth,dhedworthpz@pagesperso-orange.fr,Non-binary,249.131.38.210
937,Berkly,Lycett,blycettq0@chronoengine.com,Female,102.234.247.106
938,Barry,Borkin,bborkinq1@slate.com,Bigender,17.20.7.67
939,Stearn,Crisp,scrispq2@hhs.gov,Bigender,73.19.218.193
940,Ashlin,McAllaster,amcallasterq3@yellowbook.com,Polygender,43.130.165.253
941,Ely,Banfield,ebanfieldq4@archive.org,Genderfluid,153.237.211.155
942,Florinda,Dallas,fdallasq5@unc.edu,Non-binary,78.6.237.241
943,Garner,Runsey,grunseyq6@hibu.com,Polygender,14.72.135.242
944,Ana,Willison,awillisonq7@dailymail.co.uk,Genderfluid,49.143.38.73
945,Isidro,Stokoe,istokoeq8@telegraph.co.uk,Polygender,14.25.71.102
946,Taber,Vasechkin,tvasechkinq9@people.com.cn,Genderqueer,199.153.154.63
947,Felicia,Babidge,fbabidgeqa@home.pl,Agender,174.81.145.84
948,Matthaeus,Uridge,muridgeqb@newyorker.com,Polygender,153.122.21.49
949,Bee,Derby,bderbyqc@accuweather.com,Non-binary,52.168.188.197
950,Livia,Ludwig,lludwigqd@businessweek.com,Non-binary,22.108.243.0
951,Georgi,Tittershill,gtittershillqe@typepad.com,Non-binary,230.104.4.96
952,Jacky,Jeffery,jjefferyqf@amazonaws.com,Female,52.106.186.85
953,Eirena,Tammadge,etammadgeqg@samsung.com,Polygender,57.158.232.8
954,Rutledge,Rabier,rrabierqh@photobucket.com,Bigender,165.104.163.42
955,Greta,Cahalan,gcahalanqi@wp.com,Male,88.183.57.107
956,Nola,Scimone,nscimoneqj@bloglines.com,Polygender,247.111.148.44
957,Darnall,Chantree,dchantreeqk@admin.ch,Bigender,173.185.7.72
958,Artie,Manilove,amaniloveql@reuters.com,Bigender,215.67.158.210
959,Margarita,Larby,mlarbyqm@typepad.com,Non-binary,208.48.131.26
960,Claude,Delgado,cdelgadoqn@abc.net.au,Genderqueer,189.107.114.16
961,Zak,Deery,zdeeryqo@shop-pro.jp,Male,127.227.157.26
962,Simonne,Hatton,shattonqp@ezinearticles.com,Genderqueer,230.78.62.166
963,Sherry,Couser,scouserqq@mapy.cz,Genderfluid,175.240.198.208
964,Davin,Branche,dbrancheqr@bbc.co.uk,Polygender,35.212.21.109
965,Jerald,Vurley,jvurleyqs@icq.com,Polygender,26.199.19.24
966,Paulo,De Bruijne,pdebruijneqt@1688.com,Bigender,101.119.54.91
967,Bab,Gavini,bgaviniqu@sitemeter.com,Non-binary,39.10.214.136
968,Bambie,Ribbens,bribbensqv@bing.com,Bigender,31.83.137.184
969,Kaila,Lillford,klillfordqw@shinystat.com,Male,236.247.105.113
970,Giacopo,Howsden,ghowsdenqx@weather.com,Non-binary,250.166.25.42
971,Ira,Standell,istandellqy@tinyurl.com,Non-binary,157.11.240.226
972,Zacharia,Witheford,zwithefordqz@ameblo.jp,Polygender,230.59.17.6
973,Ashely,Boar,aboarr0@google.co.uk,Bigender,10.155.31.102
974,Verne,Amos,vamosr1@gmpg.org,Female,131.130.96.116
975,Barny,Eagell,beagellr2@nhs.uk,Polygender,0.148.178.102
976,Errol,Mulvany,emulvanyr3@booking.com,Bigender,55.229.73.49
977,Carlyn,Petofi,cpetofir4@fastcompany.com,Male,4.112.4.135
978,Frazer,Barbary,fbarbaryr5@nifty.com,Agender,77.98.205.84
979,Glennie,Hallahan,ghallahanr6@dropbox.com,Non-binary,20.87.242.75
980,Tarra,Borell,tborellr7@digg.com,Genderfluid,126.90.159.114
981,Barthel,Boyson,bboysonr8@qq.com,Male,148.39.47.208
982,Angel,Sandbatch,asandbatchr9@psu.edu,Female,133.187.216.42
983,Alaric,Shave,ashavera@dedecms.com,Female,97.207.106.6
984,Janenna,Blacktin,jblacktinrb@reverbnation.com,Genderqueer,96.144.114.146
985,Merna,Biagioni,mbiagionirc@addtoany.com,Female,44.14.38.50
986,Jaquenette,Baldam,jbaldamrd@flickr.com,Bigender,32.83.70.16
987,Chanda,Bachelor,cbachelorre@blogspot.com,Male,122.140.45.31
988,Henryetta,Feaveryear,hfeaveryearrf@upenn.edu,Genderqueer,251.61.212.35
989,Ruy,Creggan,rcregganrg@berkeley.edu,Agender,110.80.50.95
990,Neely,Klaas,nklaasrh@boston.com,Male,218.54.138.245
991,Randee,Greenig,rgreenigri@soundcloud.com,Polygender,212.44.49.213
992,Corella,Kettridge,ckettridgerj@live.com,Non-binary,227.46.176.154
993,Eberto,Shillington,eshillingtonrk@cmu.edu,Genderfluid,165.223.159.236
994,Lindi,Huish,lhuishrl@thetimes.co.uk,Female,131.101.62.193
995,Bria,Gaitone,bgaitonerm@smugmug.com,Female,3.49.91.19
996,Harri,Harriot,hharriotrn@clickbank.net,Genderqueer,164.209.86.77
997,Edd,Sarver,esarverro@taobao.com,Agender,197.250.230.205
998,Goldi,Gent,ggentrp@i2i.jp,Genderfluid,252.16.1.32
999,Tonnie,Cripwell,tcripwellrq@jalbum.net,Male,156.41.231.79
1000,Hernando,Straker,hstrakerrr@hc360.com,Polygender,72.105.157.86
